Invoice_ID,Vendor_Name,Vendor_ID,Category,Invoice_Date,Payment_Date,Currency,Invoice_Amount,Tax,Total_Amount,Payment_Status,Cost_Center,Description
INV-00001,Gamma Supplies Ltd,V-001,IT Services,2024-01-03,2024-01-21,USD,4378.73,350.3,4729.03,Paid,CC-005,Purchase
INV-00008,Capex Solutions Ltd,V-008,Utilities,2024-01-09,2024-01-15,USD,6196.39,495.71,6692.1,Paid,CC-010,Purchase
INV-00009,Harbor Facilities Group,V-007,Logistics,2024-01-09,2024-01-18,USD,2537.47,203.0,2740.47,Paid,CC-012,Purchase
INV-00004,Harbor Facilities Group,V-007,Capex,2024-01-12,2024-01-28,USD,3103.71,248.3,3352.01,Paid,CC-002,Purchase
INV-00010,Vertex IT Services,V-006,Facilities,2024-01-12,2024-01-18,USD,6611.82,528.95,7140.77,Paid,CC-007,Purchase
INV-00013,Harbor Facilities Group,V-007,IT Services,2024-01-13,2024-01-28,USD,5445.0,435.6,5880.6,Paid,CC-006,Purchase
INV-00014,Harbor Facilities Group,V-007,Capex,2024-01-13,2024-01-18,USD,3105.9,248.47,3354.37,Paid,CC-003,Purchase
INV-00019,Capex Solutions Ltd,V-008,MRO,2024-01-14,2024-01-28,USD,5588.82,447.11,6035.93,Paid,CC-020,Purchase
INV-00016,Harbor Facilities Group,V-007,Capex,2024-01-18,2024-01-24,USD,3103.55,248.28,3351.83,Paid,CC-012,Purchase
INV-00005,Harbor Facilities Group,V-007,IT Services,2024-01-19,2024-01-28,USD,5470.18,437.61,5907.79,Paid,CC-002,Purchase
INV-00012,Sterling MRO Co,V-003,Logistics,2024-01-19,2024-01-28,USD,2557.63,204.61,2762.24,Paid,CC-001,Purchase
INV-00003,Harbor Facilities Group,V-007,Utilities,2024-01-22,2024-01-28,USD,3997.06,319.76,4316.82,Paid,CC-009,Purchase
INV-00011,Harbor Facilities Group,V-007,IT Services,2024-01-23,2024-01-28,USD,5482.78,438.62,5921.4,Paid,CC-018,Purchase
INV-00015,Northwind Logistics Inc,V-002,Raw Materials,2024-01-24,2024-01-28,USD,5601.79,448.14,6049.93,Paid,CC-002,Purchase
INV-00018,Gridline Utilities LLC,V-004,Facilities,2024-01-24,2024-01-28,USD,3064.25,245.14,3309.39,Paid,CC-006,Purchase
INV-00006,Capex Solutions Ltd,V-008,Utilities,2024-01-25,2024-01-28,USD,6141.56,491.32,6632.88,Paid,CC-010,Purchase
INV-00007,Gridline Utilities LLC,V-004,Raw Materials,2024-01-25,2024-01-28,USD,2703.97,216.32,2920.29,Paid,CC-008,Purchase
INV-00017,Harbor Facilities Group,V-007,MRO,2024-01-27,2024-01-28,USD,1969.41,157.55,2126.96,Paid,CC-006,Purchase
INV-00002,Gamma Supplies Ltd,V-001,Capex,2024-01-27,2024-01-28,USD,6226.3,498.1,6724.4,Paid,CC-003,Purchase
INV-00036,Gridline Utilities LLC,V-004,MRO,2024-02-01,2024-02-06,USD,7443.8,595.5,8039.3,Paid,CC-018,Purchase
INV-00022,Pacific Packaging,V-005,Facilities,2024-02-05,2024-02-13,USD,5753.49,460.28,6213.77,Paid,CC-008,Purchase
INV-00025,Gridline Utilities LLC,V-004,MRO,2024-02-08,2024-02-27,USD,7426.39,594.11,8020.5,Paid,CC-016,Purchase
INV-00033,Gridline Utilities LLC,V-004,Utilities,2024-02-08,2024-02-22,USD,6130.95,490.48,6621.43,Paid,CC-014,Purchase
INV-00026,Gridline Utilities LLC,V-004,Packaging,2024-02-08,2024-02-15,USD,2396.72,191.74,2588.46,Paid,CC-010,Purchase
INV-00031,Northwind Logistics Inc,V-002,Capex,2024-02-09,2024-02-28,USD,5413.47,433.08,5846.55,Paid,CC-020,Purchase
INV-00032,Pacific Packaging,V-005,Utilities,2024-02-10,2024-02-18,USD,5044.91,403.59,5448.5,Paid,CC-020,Purchase
INV-00020,Vertex IT Services,V-006,Utilities,2024-02-11,2024-02-22,USD,6332.68,506.61,6839.29,Paid,CC-001,Purchase
INV-USD-ALT,Northwind Logistics Inc,V-002,Logistics,2024-02-14,2024-02-21,US$,725.5,58.04,783.54,Paid,CC-009,Currency code variant
INV-00030,Gamma Supplies Ltd,V-001,Logistics,2024-02-14,2024-02-28,USD,3614.8,289.18,3903.98,Paid,CC-003,Purchase
INV-00035,Harbor Facilities Group,V-007,MRO,2024-02-15,2024-02-28,USD,1959.02,156.72,2115.74,Paid,CC-017,Purchase
INV-00027,Vertex IT Services,V-006,Logistics,2024-02-15,2024-02-23,USD,3557.99,284.64,3842.63,Paid,CC-010,Purchase
INV-00038,Sterling MRO Co,V-003,Logistics,2024-02-18,2024-02-28,USD,2626.06,210.08,2836.14,Paid,CC-016,Purchase
INV-00037,Pacific Packaging,V-005,Logistics,2024-02-18,2024-02-28,USD,4860.97,388.88,5249.85,Paid,CC-003,Purchase
INV-00021,Gamma Supplies Ltd,V-001,MRO,2024-02-20,2024-02-28,USD,5906.17,472.49,6378.66,Paid,CC-019,Purchase
INV-00028,Harbor Facilities Group,V-007,Raw Materials,2024-02-21,2024-02-28,USD,5880.9,470.47,6351.37,Paid,CC-013,Purchase
INV-00029,Northwind Logistics Inc,V-002,Capex,2024-02-21,2024-02-28,USD,5389.76,431.18,5820.94,Paid,CC-016,Purchase
INV-00024,Gamma Supplies Ltd,V-001,MRO,2024-02-26,2024-02-28,USD,6038.34,483.07,6521.41,Paid,CC-014,Purchase
INV-00023,Northwind Logistics Inc,V-002,MRO,2024-02-26,2024-02-28,USD,5355.35,428.43,5783.78,Paid,CC-007,Purchase
INV-00034,Gridline Utilities LLC,V-004,Utilities,2024-02-26,2024-02-28,USD,6284.05,502.72,6786.77,Paid,CC-010,Purchase
INV-00056,Vertex IT Services,V-006,IT Services,2024-03-03,2024-03-08,USD,2589.42,207.15,2796.57,Paid,CC-020,Purchase
INV-00053,Gridline Utilities LLC,V-004,Raw Materials,2024-03-03,2024-03-15,USD,2736.73,218.94,2955.67,Paid,CC-020,Purchase
INV-00050,Northwind Logistics Inc,V-002,MRO,2024-03-04,2024-03-28,USD,5440.51,435.24,5875.75,Paid,CC-003,Purchase
INV-00042,Capex Solutions Ltd,V-008,Logistics,2024-03-05,2024-03-28,USD,2049.32,163.95,2213.27,Paid,CC-020,Purchase
INV-00039,Sterling MRO Co,V-003,Raw Materials,2024-03-07,2024-03-12,USD,6926.56,554.12,7480.68,Paid,CC-003,Purchase
INV-00040,Pacific Packaging,V-005,Capex,2024-03-11,2024-03-28,USD,6630.44,530.44,7160.88,Paid,CC-007,Purchase
INV-00051,Sterling MRO Co,V-003,Capex,2024-03-12,2024-03-20,USD,5780.65,462.45,6243.1,Paid,CC-018,Purchase
INV-00054,Sterling MRO Co,V-003,Logistics,2024-03-14,2024-03-25,USD,2617.73,209.42,2827.15,Paid,CC-020,Purchase
INV-DUP-A1A,Northwind Logistics Inc,V-002,Logistics,2024-03-15,2024-03-23,USD,2800.0,224.0,3024.0,Paid,CC-001,Freight — dup ID variant
INV-DUP-A1,Northwind Logistics Inc,V-002,Logistics,2024-03-15,2024-03-22,USD,2800.0,224.0,3024.0,Paid,CC-006,Freight — duplicate payment risk (A)
INV-00044,Capex Solutions Ltd,V-008,Raw Materials,2024-03-15,2024-03-26,USD,3649.77,291.98,3941.75,Paid,CC-014,Purchase
INV-00055,Pacific Packaging,V-005,MRO,2024-03-17,2024-03-28,USD,6903.41,552.27,7455.68,Paid,CC-003,Purchase
INV-00052,Harbor Facilities Group,V-007,Raw Materials,2024-03-20,2024-03-28,USD,5971.45,477.72,6449.17,Paid,CC-003,Purchase
INV-00045,Gridline Utilities LLC,V-004,MRO,2024-03-20,2024-03-28,USD,7175.79,574.06,7749.85,Paid,CC-008,Purchase
INV-00057,Northwind Logistics Inc,V-002,Capex,2024-03-20,2024-03-28,USD,5623.3,449.86,6073.16,Paid,CC-009,Purchase
INV-00047,Gamma Supplies Ltd,V-001,IT Services,2024-03-21,2024-03-28,USD,4227.04,338.16,4565.2,Paid,CC-008,Purchase
INV-00043,Northwind Logistics Inc,V-002,Facilities,2024-03-23,2024-03-28,USD,3501.22,280.1,3781.32,Paid,CC-005,Purchase
INV-00048,Pacific Packaging,V-005,Packaging,2024-03-24,2024-03-28,USD,2891.99,231.36,3123.35,Paid,CC-016,Purchase
INV-00041,Northwind Logistics Inc,V-002,Facilities,2024-03-25,2024-03-28,USD,3460.84,276.87,3737.71,Paid,CC-020,Purchase
INV-00046,Sterling MRO Co,V-003,Raw Materials,2024-03-26,2024-03-28,USD,6930.33,554.43,7484.76,Paid,CC-003,Purchase
INV-00049,Sterling MRO Co,V-003,Facilities,2024-03-26,2024-03-28,USD,4571.36,365.71,4937.07,Paid,CC-004,Purchase
INV-00071,Capex Solutions Ltd,V-008,Utilities,2024-04-01,2024-04-13,USD,6096.23,487.7,6583.93,Paid,CC-019,Purchase
INV-PEER-00,Gamma Supplies Ltd,V-001,Raw Materials,2024-04-01,2024-05-01,USD,1188.0,95.04,1283.04,Paid,CC-013,Peer baseline line
INV-PEER-01,Gamma Supply Ltd,V-001,Raw Materials,2024-04-02,2024-05-02,USD,1190.0,95.2,1285.2,Paid,CC-018,Peer baseline line
INV-00072,Pacific Packaging,V-005,Facilities,2024-04-03,2024-04-10,USD,5865.21,469.22,6334.43,Paid,CC-002,Purchase
INV-PEER-02,Gamma Supplies Ltd,V-001,Raw Materials,2024-04-03,2024-05-03,USD,1192.0,95.36,1287.36,Paid,CC-005,Peer baseline line
INV-00061,Gamma Supplies Ltd,V-001,MRO,2024-04-04,2024-04-22,USD,5895.52,471.64,6367.16,Paid,CC-020,Purchase
INV-00064,Pacific Packaging,V-005,MRO,2024-04-04,2024-04-15,USD,7186.2,574.9,7761.1,Paid,CC-007,Purchase
INV-PEER-03,Gamma Supply Ltd,V-001,Raw Materials,2024-04-04,2024-05-04,USD,1194.0,95.52,1289.52,Paid,CC-017,Peer baseline line
INV-PEER-04,Gamma Supplies Ltd,V-001,Raw Materials,2024-04-05,2024-05-05,USD,1196.0,95.68,1291.68,Paid,CC-002,Peer baseline line
INV-00066,Sterling MRO Co,V-003,Capex,2024-04-05,2024-04-20,USD,5646.61,451.73,6098.34,Paid,CC-001,Purchase
INV-PEER-05,Gamma Supply Ltd,V-001,Raw Materials,2024-04-06,2024-05-06,USD,1198.0,95.84,1293.84,Paid,CC-005,Peer baseline line
INV-00070,Northwind Logistics Inc,V-002,Facilities,2024-04-07,2024-04-24,USD,3414.9,273.19,3688.09,Paid,CC-012,Purchase
INV-PEER-06,Gamma Supplies Ltd,V-001,Raw Materials,2024-04-07,2024-05-07,USD,1200.0,96.0,1296.0,Paid,CC-011,Peer baseline line
INV-PEER-07,Gamma Supply Ltd,V-001,Raw Materials,2024-04-08,2024-05-08,USD,1202.0,96.16,1298.16,Paid,CC-002,Peer baseline line
INV-PEER-08,Gamma Supplies Ltd,V-001,Raw Materials,2024-04-09,2024-05-09,USD,1204.0,96.32,1300.32,Paid,CC-018,Peer baseline line
INV-PEER-09,Gamma Supply Ltd,V-001,Raw Materials,2024-04-10,2024-05-10,USD,1206.0,96.48,1302.48,Paid,CC-018,Peer baseline line
INV-00059,Sterling MRO Co,V-003,IT Services,2024-04-10,2024-04-25,USD,6257.08,500.57,6757.65,Paid,CC-016,Purchase
INV-00068,Vertex IT Services,V-006,IT Services,2024-04-11,2024-04-28,USD,2576.28,206.1,2782.38,Paid,CC-011,Purchase
INV-PEER-10,Gamma Supplies Ltd,V-001,Raw Materials,2024-04-11,2024-05-11,USD,1208.0,96.64,1304.64,Paid,CC-011,Peer baseline line
INV-PEER-11,Gamma Supply Ltd,V-001,Raw Materials,2024-04-12,2024-05-12,USD,1210.0,96.8,1306.8,Paid,CC-007,Peer baseline line
INV-00067,Vertex IT Services,V-006,Raw Materials,2024-04-12,2024-04-28,USD,2733.03,218.64,2951.67,Paid,CC-011,Purchase
INV-PEER-12,Gamma Supplies Ltd,V-001,Raw Materials,2024-04-13,2024-05-13,USD,1212.0,96.96,1308.96,Paid,CC-002,Peer baseline line
INV-00062,Harbor Facilities Group,V-007,MRO,2024-04-13,2024-04-23,USD,1950.75,156.06,2106.81,Paid,CC-005,Purchase
INV-PEER-13,Gamma Supply Ltd,V-001,Raw Materials,2024-04-14,2024-05-14,USD,1214.0,97.12,1311.12,Paid,CC-013,Peer baseline line
INV-PEER-14,Gamma Supplies Ltd,V-001,Raw Materials,2024-04-15,2024-05-15,USD,1216.0,97.28,1313.28,Paid,CC-011,Peer baseline line
INV-00069,Vertex IT Services,V-006,Facilities,2024-04-15,2024-04-20,USD,6661.2,532.9,7194.1,Paid,CC-010,Purchase
INV-PEER-15,Gamma Supply Ltd,V-001,Raw Materials,2024-04-16,2024-05-16,USD,1218.0,97.44,1315.44,Paid,CC-016,Peer baseline line
INV-PEER-16,Gamma Supplies Ltd,V-001,Raw Materials,2024-04-17,2024-05-17,USD,1220.0,97.6,1317.6,Paid,CC-013,Peer baseline line
INV-00065,Capex Solutions Ltd,V-008,Logistics,2024-04-17,2024-04-25,USD,2099.27,167.94,2267.21,Paid,CC-004,Purchase
INV-DRIFT-OUT,Gamma Supplies Ltd,V-001,Raw Materials,2024-04-18,2024-05-02,USD,3820.0,305.6,4125.6,Paid,CC-020,Inflated vs peers (planted drift)
INV-PEER-17,Gamma Supply Ltd,V-001,Raw Materials,2024-04-18,2024-05-18,USD,1222.0,97.76,1319.76,Paid,CC-003,Peer baseline line
INV-PEER-18,Gamma Supplies Ltd,V-001,Raw Materials,2024-04-19,2024-05-19,USD,1224.0,97.92,1321.92,Paid,CC-003,Peer baseline line
INV-PEER-19,Gamma Supply Ltd,V-001,Raw Materials,2024-04-20,2024-05-20,USD,1226.0,98.08,1324.08,Paid,CC-016,Peer baseline line
INV-PEER-20,Gamma Supplies Ltd,V-001,Raw Materials,2024-04-21,2024-05-21,USD,1228.0,98.24,1326.24,Paid,CC-004,Peer baseline line
INV-00058,Gridline Utilities LLC,V-004,Packaging,2024-04-22,2024-04-28,USD,2292.79,183.42,2476.21,Paid,CC-003,Purchase
INV-PEER-21,Gamma Supply Ltd,V-001,Raw Materials,2024-04-22,2024-05-22,USD,1230.0,98.4,1328.4,Paid,CC-019,Peer baseline line
INV-PEER-22,Gamma Supplies Ltd,V-001,Raw Materials,2024-04-23,2024-05-23,USD,1232.0,98.56,1330.56,Paid,CC-003,Peer baseline line
INV-00075,Vertex IT Services,V-006,Packaging,2024-04-23,2024-04-28,USD,6126.25,490.1,6616.35,Paid,CC-007,Purchase
INV-00073,Gridline Utilities LLC,V-004,Facilities,2024-04-23,2024-04-28,USD,3070.65,245.65,3316.3,Paid,CC-017,Purchase
INV-00063,Capex Solutions Ltd,V-008,Packaging,2024-04-24,2024-04-28,USD,6327.06,506.16,6833.22,Paid,CC-010,Purchase
INV-PEER-23,Gamma Supply Ltd,V-001,Raw Materials,2024-04-24,2024-05-24,USD,1234.0,98.72,1332.72,Paid,CC-015,Peer baseline line
INV-00076,Pacific Packaging,V-005,Facilities,2024-04-24,2024-04-28,USD,5758.3,460.66,6218.96,Paid,CC-008,Purchase
INV-00060,Pacific Packaging,V-005,Facilities,2024-04-24,2024-04-28,USD,5798.77,463.9,6262.67,Paid,CC-009,Purchase
INV-00074,Capex Solutions Ltd,V-008,Logistics,2024-04-27,2024-04-28,USD,2087.04,166.96,2254.0,Paid,CC-016,Purchase
INV-00087,Capex Solutions Ltd,V-008,Facilities,2024-05-02,2024-05-08,USD,3258.9,260.71,3519.61,Paid,CC-011,Purchase
INV-00077,Vertex IT Services,V-006,Packaging,2024-05-02,2024-05-09,USD,6167.41,493.39,6660.8,Paid,CC-009,Purchase
INV-00084,Pacific Packaging,V-005,Packaging,2024-05-03,2024-05-19,USD,2952.63,236.21,3188.84,Paid,CC-002,Purchase
INV-00088,Pacific Packaging,V-005,Logistics,2024-05-05,2024-05-10,USD,4974.11,397.93,5372.04,Paid,CC-012,Purchase
INV-00081,Gridline Utilities LLC,V-004,Capex,2024-05-06,2024-05-27,USD,6687.43,534.99,7222.42,Paid,CC-012,Purchase
INV-00079,Vertex IT Services,V-006,MRO,2024-05-07,2024-05-17,USD,3999.75,319.98,4319.73,Paid,CC-016,Purchase
INV-00094,Sterling MRO Co,V-003,IT Services,2024-05-10,2024-05-21,USD,6283.02,502.64,6785.66,Paid,CC-004,Purchase
INV-00092,Vertex IT Services,V-006,Packaging,2024-05-12,2024-05-21,USD,6325.87,506.07,6831.94,Paid,CC-014,Purchase
INV-00078,Gridline Utilities LLC,V-004,Logistics,2024-05-12,2024-05-27,USD,3104.94,248.4,3353.34,Paid,CC-008,Purchase
INV-00090,Harbor Facilities Group,V-007,Capex,2024-05-14,2024-05-21,USD,3110.67,248.85,3359.52,Paid,CC-019,Purchase
INV-00095,Capex Solutions Ltd,V-008,Logistics,2024-05-15,2024-05-28,USD,2100.82,168.07,2268.89,Paid,CC-015,Purchase
INV-00086,Harbor Facilities Group,V-007,Utilities,2024-05-17,2024-05-28,USD,3968.85,317.51,4286.36,Paid,CC-016,Purchase
INV-00082,Pacific Packaging,V-005,IT Services,2024-05-18,2024-05-23,USD,3482.92,278.63,3761.55,Paid,CC-005,Purchase
INV-00089,Gridline Utilities LLC,V-004,Utilities,2024-05-20,2024-05-28,USD,6268.68,501.49,6770.17,Paid,CC-019,Purchase
INV-00091,Harbor Facilities Group,V-007,Raw Materials,2024-05-20,2024-05-26,USD,5787.97,463.04,6251.01,Paid,CC-010,Purchase
INV-MATH-01,Sterling MRO Co,V-003,MRO,2024-05-22,2024-05-30,USD,888.0,71.04,961.04,Paid,CC-014,Small total mismatch (planted)
INV-00093,Vertex IT Services,V-006,MRO,2024-05-23,2024-05-28,USD,4041.88,323.35,4365.23,Paid,CC-013,Purchase
INV-00083,Pacific Packaging,V-005,Packaging,2024-05-25,2024-05-28,USD,2972.34,237.79,3210.13,Paid,CC-020,Purchase
INV-00080,Capex Solutions Ltd,V-008,Packaging,2024-05-25,2024-05-28,USD,6448.28,515.86,6964.14,Paid,CC-007,Purchase
INV-00085,Pacific Packaging,V-005,Facilities,2024-05-26,2024-05-28,USD,5664.44,453.16,6117.6,Paid,CC-004,Purchase
INV-00104,Harbor Facilities Group,V-007,Raw Materials,2024-06-03,2024-06-08,USD,6048.2,483.86,6532.06,Paid,CC-014,Purchase
INV-00113,Gamma Supplies Ltd,V-001,Logistics,2024-06-03,2024-06-22,USD,3638.03,291.04,3929.07,Paid,CC-011,Purchase
INV-00099,Sterling MRO Co,V-003,IT Services,2024-06-04,2024-06-11,USD,6385.32,510.83,6896.15,Paid,CC-010,Purchase
INV-00106,Northwind Logistics Inc,V-002,Utilities,2024-06-04,2024-06-09,USD,6133.6,490.69,6624.29,Paid,CC-019,Purchase
INV-00097,Sterling MRO Co,V-003,IT Services,2024-06-04,2024-06-16,USD,6335.32,506.83,6842.15,Paid,CC-014,Purchase
INV-00107,Sterling MRO Co,V-003,Packaging,2024-06-05,2024-06-11,USD,1956.52,156.52,2113.04,Paid,CC-017,Purchase
INV-00101,Gridline Utilities LLC,V-004,MRO,2024-06-09,2024-06-22,USD,7309.13,584.73,7893.86,Paid,CC-001,Purchase
INV-WEEKEND,Harbor Facilities Group,V-007,Facilities,2024-06-15,2024-06-20,USD,1840.0,147.2,1987.2,Paid,CC-002,Weekend-dated invoice
INV-00114,Capex Solutions Ltd,V-008,Packaging,2024-06-17,2024-06-23,USD,6310.67,504.85,6815.52,Paid,CC-013,Purchase
INV-00112,Vertex IT Services,V-006,Capex,2024-06-18,2024-06-28,USD,6536.78,522.94,7059.72,Paid,CC-015,Purchase
INV-00103,Gridline Utilities LLC,V-004,Facilities,2024-06-19,2024-06-28,USD,3192.87,255.43,3448.3,Paid,CC-016,Purchase
INV-00100,Pacific Packaging,V-005,Raw Materials,2024-06-19,2024-06-28,USD,1865.85,149.27,2015.12,Paid,CC-017,Purchase
INV-00110,Harbor Facilities Group,V-007,IT Services,2024-06-19,2024-06-28,USD,5491.75,439.34,5931.09,Paid,CC-001,Purchase
INV-00111,Gridline Utilities LLC,V-004,Logistics,2024-06-19,2024-06-28,USD,3067.03,245.36,3312.39,Paid,CC-011,Purchase
INV-00096,Gridline Utilities LLC,V-004,Logistics,2024-06-20,2024-06-28,USD,3133.93,250.71,3384.64,Paid,CC-019,Purchase
INV-00098,Capex Solutions Ltd,V-008,Raw Materials,2024-06-20,2024-06-28,USD,3682.03,294.56,3976.59,Paid,CC-003,Purchase
INV-00108,Pacific Packaging,V-005,Facilities,2024-06-22,2024-06-28,USD,5693.61,455.49,6149.1,Paid,CC-017,Purchase
INV-00105,Northwind Logistics Inc,V-002,Packaging,2024-06-24,2024-06-28,USD,2361.48,188.92,2550.4,Paid,CC-005,Purchase
INV-00102,Sterling MRO Co,V-003,Capex,2024-06-25,2024-06-28,USD,5838.27,467.06,6305.33,Paid,CC-003,Purchase
INV-00109,Northwind Logistics Inc,V-002,Raw Materials,2024-06-27,2024-06-28,USD,5694.32,455.55,6149.87,Paid,CC-003,Purchase
INV-00133,Gridline Utilities LLC,V-004,Logistics,2024-07-02,2024-07-21,USD,3096.56,247.72,3344.28,Paid,CC-019,Purchase
INV-00132,Harbor Facilities Group,V-007,IT Services,2024-07-02,2024-07-18,USD,5341.25,427.3,5768.55,Paid,CC-007,Purchase
INV-00131,Gridline Utilities LLC,V-004,Utilities,2024-07-02,2024-07-08,USD,6141.32,491.31,6632.63,Paid,CC-018,Purchase
INV-00125,Sterling MRO Co,V-003,Utilities,2024-07-03,2024-07-19,USD,4440.78,355.26,4796.04,Paid,CC-008,Purchase
INV-00116,Northwind Logistics Inc,V-002,MRO,2024-07-03,2024-07-15,USD,5307.28,424.58,5731.86,Paid,CC-020,Purchase
INV-00118,Pacific Packaging,V-005,Utilities,2024-07-04,2024-07-19,USD,5283.48,422.68,5706.16,Paid,CC-007,Purchase
INV-00120,Capex Solutions Ltd,V-008,Logistics,2024-07-05,2024-07-23,USD,2056.85,164.55,2221.4,Paid,CC-009,Purchase
INV-00123,Gridline Utilities LLC,V-004,Packaging,2024-07-05,2024-07-18,USD,2339.07,187.13,2526.2,Paid,CC-017,Purchase
INV-00117,Pacific Packaging,V-005,Utilities,2024-07-07,2024-07-24,USD,5241.63,419.33,5660.96,Paid,CC-018,Purchase
INV-00119,Gridline Utilities LLC,V-004,Capex,2024-07-07,2024-07-24,USD,6703.09,536.25,7239.34,Paid,CC-009,Purchase
INV-00122,Sterling MRO Co,V-003,Raw Materials,2024-07-09,2024-07-28,USD,6995.96,559.68,7555.64,Paid,CC-013,Purchase
INV-DUP-B1A,Sterling MRO Co,V-003,MRO,2024-07-10,2024-07-19,USD,2500.0,200.0,2700.0,Paid,CC-004,Bearings batch B — dup
INV-DUP-B1,Sterling MRO Co,V-003,MRO,2024-07-10,2024-07-18,USD,2500.0,200.0,2700.0,Paid,CC-002,Bearings batch B
INV-00127,Pacific Packaging,V-005,MRO,2024-07-10,2024-07-25,USD,7173.04,573.84,7746.88,Paid,CC-004,Purchase
INV-00115,Gamma Supplies Ltd,V-001,MRO,2024-07-13,2024-07-28,USD,6031.11,482.49,6513.6,Paid,CC-009,Purchase
INV-00124,Northwind Logistics Inc,V-002,Facilities,2024-07-16,2024-07-28,USD,3426.6,274.13,3700.73,Paid,CC-001,Purchase
INV-00128,Gridline Utilities LLC,V-004,Capex,2024-07-17,2024-07-28,USD,6590.56,527.24,7117.8,Paid,CC-011,Purchase
INV-00126,Pacific Packaging,V-005,Capex,2024-07-19,2024-07-28,USD,6578.11,526.25,7104.36,Paid,CC-014,Purchase
INV-00130,Pacific Packaging,V-005,MRO,2024-07-22,2024-07-28,USD,7005.8,560.46,7566.26,Paid,CC-017,Purchase
INV-00129,Harbor Facilities Group,V-007,Packaging,2024-07-23,2024-07-28,USD,6996.76,559.74,7556.5,Paid,CC-015,Purchase
INV-00121,Capex Solutions Ltd,V-008,Utilities,2024-07-27,2024-07-28,USD,6118.04,489.44,6607.48,Paid,CC-019,Purchase
INV-00138,Vertex IT Services,V-006,MRO,2024-08-01,2024-08-21,USD,3905.3,312.42,4217.72,Paid,CC-011,Purchase
INV-THRESH,Gridline Utilities LLC,V-099,Utilities,2024-08-01,2024-08-10,USD,50240.0,4019.2,54259.2,Paid,CC-018,Near approval tier (control signal)
INV-00144,Gamma Supplies Ltd,V-001,Packaging,2024-08-07,2024-08-28,USD,3463.04,277.04,3740.08,Paid,CC-012,Purchase
INV-00143,Capex Solutions Ltd,V-008,Logistics,2024-08-07,2024-08-28,USD,2023.19,161.86,2185.05,Paid,CC-019,Purchase
INV-00145,Vertex IT Services,V-006,Utilities,2024-08-08,2024-08-17,USD,6306.0,504.48,6810.48,Paid,CC-017,Purchase
INV-00149,Pacific Packaging,V-005,IT Services,2024-08-10,2024-08-25,USD,3503.08,280.25,3783.33,Paid,CC-009,Purchase
INV-00148,Pacific Packaging,V-005,Facilities,2024-08-10,2024-08-21,USD,5868.39,469.47,6337.86,Paid,CC-010,Purchase
INV-00139,Gridline Utilities LLC,V-004,Logistics,2024-08-12,2024-08-28,USD,3073.44,245.88,3319.32,Paid,CC-019,Purchase
INV-00135,Northwind Logistics Inc,V-002,Capex,2024-08-14,2024-08-26,USD,5399.46,431.96,5831.42,Paid,CC-011,Purchase
INV-00151,Pacific Packaging,V-005,Utilities,2024-08-14,2024-08-21,USD,5176.34,414.11,5590.45,Paid,CC-001,Purchase
INV-00150,Capex Solutions Ltd,V-008,MRO,2024-08-16,2024-08-28,USD,5670.53,453.64,6124.17,Paid,CC-007,Purchase
INV-00140,Capex Solutions Ltd,V-008,Facilities,2024-08-16,2024-08-28,USD,3299.29,263.94,3563.23,Paid,CC-020,Purchase
INV-00146,Harbor Facilities Group,V-007,IT Services,2024-08-18,2024-08-28,USD,5440.76,435.26,5876.02,Paid,CC-014,Purchase
INV-00147,Harbor Facilities Group,V-007,IT Services,2024-08-20,2024-08-28,USD,5281.17,422.49,5703.66,Paid,CC-015,Purchase
INV-00142,Gamma Supplies Ltd,V-001,IT Services,2024-08-21,2024-08-28,USD,4287.36,342.99,4630.35,Paid,CC-010,Purchase
INV-00137,Harbor Facilities Group,V-007,Packaging,2024-08-21,2024-08-28,USD,6922.87,553.83,7476.7,Paid,CC-019,Purchase
INV-00134,Gamma Supplies Ltd,V-001,Utilities,2024-08-23,2024-08-28,USD,6639.64,531.17,7170.81,Paid,CC-004,Purchase
INV-00141,Vertex IT Services,V-006,Logistics,2024-08-23,2024-08-28,USD,3534.78,282.78,3817.56,Paid,CC-007,Purchase
INV-00152,Gridline Utilities LLC,V-004,Facilities,2024-08-25,2024-08-28,USD,3153.95,252.32,3406.27,Paid,CC-004,Purchase
INV-00136,Capex Solutions Ltd,V-008,Raw Materials,2024-08-27,2024-08-28,USD,3649.79,291.98,3941.77,Paid,CC-007,Purchase
INV-00161,Capex Solutions Ltd,V-008,Packaging,2024-09-01,2024-09-08,USD,6404.9,512.39,6917.29,Paid,CC-006,Purchase
INV-00167,Harbor Facilities Group,V-007,Packaging,2024-09-01,2024-09-23,USD,6946.28,555.7,7501.98,Paid,CC-015,Purchase
INV-00166,Sterling MRO Co,V-003,Facilities,2024-09-02,2024-09-25,USD,4563.3,365.06,4928.36,Paid,CC-014,Purchase
INV-00164,Harbor Facilities Group,V-007,Packaging,2024-09-03,2024-09-18,USD,6871.5,549.72,7421.22,Paid,CC-017,Purchase
INV-00155,Pacific Packaging,V-005,Raw Materials,2024-09-05,2024-09-24,USD,1849.37,147.95,1997.32,Paid,CC-011,Purchase
INV-00163,Harbor Facilities Group,V-007,Utilities,2024-09-07,2024-09-20,USD,4007.07,320.57,4327.64,Paid,CC-002,Purchase
INV-00153,Gamma Supplies Ltd,V-001,MRO,2024-09-07,2024-09-12,USD,5826.2,466.1,6292.3,Paid,CC-013,Purchase
INV-00171,Vertex IT Services,V-006,Facilities,2024-09-07,2024-09-16,USD,6602.44,528.2,7130.64,Paid,CC-009,Purchase
INV-00165,Sterling MRO Co,V-003,Facilities,2024-09-07,2024-09-12,USD,4729.29,378.34,5107.63,Paid,CC-002,Purchase
INV-00157,Capex Solutions Ltd,V-008,IT Services,2024-09-08,2024-09-28,USD,7025.65,562.05,7587.7,Paid,CC-013,Purchase
INV-TAX-02,Gridline Utilities LLC,V-004,Utilities,2024-09-12,2024-09-20,USD,3500.0,795.0,4295.0,Paid,CC-004,Tax rounding / rate mismatch (planted)
INV-TAX-03,Vertex IT Services,V-006,IT Services,2024-09-12,2024-09-20,USD,3200.0,766.0,3966.0,Paid,CC-005,Tax rounding / rate mismatch (planted)
INV-TAX-04,Harbor Facilities Group,V-007,Facilities,2024-09-12,2024-09-20,USD,2800.0,729.0,3529.0,Paid,CC-008,Tax rounding / rate mismatch (planted)
INV-TAX-05,Capex Solutions Ltd,V-008,Capex,2024-09-12,2024-09-20,USD,3600.0,788.0,4388.0,Paid,CC-019,Tax rounding / rate mismatch (planted)
INV-TAX-01,Northwind Logistics Inc,V-002,Logistics,2024-09-12,2024-09-20,USD,4000.0,840.0,4840.0,Paid,CC-016,Tax rounding / rate mismatch (planted)
INV-00169,Gamma Supplies Ltd,V-001,Capex,2024-09-12,2024-09-17,USD,6248.41,499.87,6748.28,Paid,CC-020,Purchase
INV-00154,Capex Solutions Ltd,V-008,Packaging,2024-09-13,2024-09-20,USD,6392.33,511.39,6903.72,Paid,CC-012,Purchase
INV-00170,Pacific Packaging,V-005,MRO,2024-09-19,2024-09-28,USD,6905.09,552.41,7457.5,Paid,CC-009,Purchase
INV-00162,Gamma Supplies Ltd,V-001,Capex,2024-09-21,2024-09-28,USD,6135.33,490.83,6626.16,Paid,CC-020,Purchase
INV-00168,Vertex IT Services,V-006,Utilities,2024-09-22,2024-09-28,USD,6294.68,503.57,6798.25,Paid,CC-005,Purchase
INV-00158,Harbor Facilities Group,V-007,Utilities,2024-09-24,2024-09-28,USD,3838.04,307.04,4145.08,Paid,CC-015,Purchase
INV-00159,Harbor Facilities Group,V-007,Utilities,2024-09-26,2024-09-28,USD,3923.94,313.92,4237.86,Paid,CC-009,Purchase
INV-00160,Capex Solutions Ltd,V-008,Raw Materials,2024-09-27,2024-09-28,USD,3562.67,285.01,3847.68,Paid,CC-015,Purchase
INV-00156,Vertex IT Services,V-006,Packaging,2024-09-27,2024-09-28,USD,6277.83,502.23,6780.06,Paid,CC-010,Purchase
INV-NEAR-1,Harbor Facilities Group,V-007,Facilities,2024-10-02,2024-10-09,USD,3300.0,264.0,3564.0,Paid,CC-004,Near-dup pair A
INV-00173,Vertex IT Services,V-006,Capex,2024-10-04,2024-10-14,USD,6617.17,529.37,7146.54,Paid,CC-011,Purchase
INV-NEAR-2,Harbor Facilities Group,V-007,Facilities,2024-10-04,2024-10-11,USD,3302.0,264.16,3566.16,Paid,CC-011,Near-dup pair B
INV-00185,Harbor Facilities Group,V-007,Logistics,2024-10-05,2024-10-13,USD,2518.0,201.44,2719.44,Paid,CC-007,Purchase
INV-00174,Capex Solutions Ltd,V-008,IT Services,2024-10-06,2024-10-24,USD,6804.71,544.38,7349.09,Paid,CC-007,Purchase
INV-00186,Harbor Facilities Group,V-007,Raw Materials,2024-10-08,2024-10-18,USD,5919.08,473.53,6392.61,Paid,CC-016,Purchase
INV-00182,Pacific Packaging,V-005,Facilities,2024-10-08,2024-10-20,USD,5883.54,470.68,6354.22,Paid,CC-005,Purchase
INV-00183,Pacific Packaging,V-005,MRO,2024-10-09,2024-10-24,USD,7216.04,577.28,7793.32,Paid,CC-020,Purchase
INV-00189,Gridline Utilities LLC,V-004,Logistics,2024-10-09,2024-10-16,USD,3135.36,250.83,3386.19,Paid,CC-009,Purchase
INV-00172,Harbor Facilities Group,V-007,Capex,2024-10-10,2024-10-28,USD,3149.95,252.0,3401.95,Paid,CC-006,Purchase
INV-00179,Gamma Supplies Ltd,V-001,MRO,2024-10-10,2024-10-19,USD,5789.38,463.15,6252.53,Paid,CC-012,Purchase
INV-00176,Sterling MRO Co,V-003,IT Services,2024-10-12,2024-10-19,USD,6226.7,498.14,6724.84,Paid,CC-012,Purchase
INV-00180,Gamma Supplies Ltd,V-001,MRO,2024-10-13,2024-10-28,USD,5957.26,476.58,6433.84,Paid,CC-007,Purchase
INV-00175,Gridline Utilities LLC,V-004,Packaging,2024-10-15,2024-10-28,USD,2385.54,190.84,2576.38,Paid,CC-013,Purchase
INV-00184,Vertex IT Services,V-006,Logistics,2024-10-16,2024-10-21,USD,3571.14,285.69,3856.83,Paid,CC-006,Purchase
INV-00188,Capex Solutions Ltd,V-008,Capex,2024-10-19,2024-10-28,USD,6573.13,525.85,7098.98,Paid,CC-016,Purchase
INV-00177,Northwind Logistics Inc,V-002,Facilities,2024-10-20,2024-10-28,USD,3492.97,279.44,3772.41,Paid,CC-002,Purchase
INV-00187,Pacific Packaging,V-005,IT Services,2024-10-24,2024-10-28,USD,3431.88,274.55,3706.43,Paid,CC-019,Purchase
INV-00178,Gridline Utilities LLC,V-004,Utilities,2024-10-25,2024-10-28,USD,6260.63,500.85,6761.48,Paid,CC-003,Purchase
INV-00181,Gridline Utilities LLC,V-004,Utilities,2024-10-26,2024-10-28,USD,6405.36,512.43,6917.79,Paid,CC-011,Purchase
INV-00190,Vertex IT Services,V-006,MRO,2024-10-26,2024-10-28,USD,3965.47,317.24,4282.71,Paid,CC-009,Purchase
INV-00196,Gridline Utilities LLC,V-004,Logistics,2024-11-01,2024-11-14,USD,3065.02,245.2,3310.22,Paid,CC-018,Purchase
INV-00193,Sterling MRO Co,V-003,Capex,2024-11-02,2024-11-08,USD,5703.34,456.27,6159.61,Paid,CC-018,Purchase
INV-00202,Northwind Logistics Inc,V-002,Capex,2024-11-02,2024-11-07,USD,5404.56,432.36,5836.92,Paid,CC-019,Purchase
INV-DUP-C2,Pacific Packaging,V-005,Packaging,2024-11-05,2024-11-13,USD,1900.0,152.0,2052.0,Paid,CC-013,Corrugated — triplicate pay
INV-DUP-C1,Pacific Packaging,V-005,Packaging,2024-11-05,2024-11-12,USD,1900.0,152.0,2052.0,Paid,CC-016,Corrugated — triplicate pay
INV-DUP-C3,Pacific Packaging,V-005,Packaging,2024-11-05,2024-11-14,USD,1900.0,152.0,2052.0,Paid,CC-009,Corrugated — triplicate pay
INV-00207,Capex Solutions Ltd,V-008,IT Services,2024-11-07,2024-11-28,USD,6863.59,549.09,7412.68,Paid,CC-012,Purchase
INV-00192,Gamma Supplies Ltd,V-001,MRO,2024-11-07,2024-11-28,USD,5788.9,463.11,6252.01,Paid,CC-010,Purchase
INV-00197,Northwind Logistics Inc,V-002,Raw Materials,2024-11-08,2024-11-22,USD,5612.19,448.98,6061.17,Paid,CC-001,Purchase
INV-00194,Gamma Supplies Ltd,V-001,Packaging,2024-11-11,2024-11-28,USD,3388.61,271.09,3659.7,Paid,CC-014,Purchase
INV-00198,Sterling MRO Co,V-003,Utilities,2024-11-12,2024-11-26,USD,4565.72,365.26,4930.98,Paid,CC-017,Purchase
INV-00195,Gridline Utilities LLC,V-004,Logistics,2024-11-14,2024-11-26,USD,3094.72,247.58,3342.3,Paid,CC-005,Purchase
INV-00205,Northwind Logistics Inc,V-002,Capex,2024-11-14,2024-11-19,USD,5600.29,448.02,6048.31,Paid,CC-006,Purchase
INV-00209,Vertex IT Services,V-006,IT Services,2024-11-15,2024-11-28,USD,2576.33,206.11,2782.44,Paid,CC-003,Purchase
INV-00208,Gridline Utilities LLC,V-004,Facilities,2024-11-17,2024-11-23,USD,3209.39,256.75,3466.14,Paid,CC-008,Purchase
INV-00204,Gamma Supplies Ltd,V-001,Packaging,2024-11-17,2024-11-23,USD,3419.98,273.6,3693.58,Paid,CC-012,Purchase
INV-00199,Pacific Packaging,V-005,MRO,2024-11-17,2024-11-26,USD,7008.65,560.69,7569.34,Paid,CC-019,Purchase
INV-00206,Harbor Facilities Group,V-007,Capex,2024-11-17,2024-11-28,USD,3043.07,243.45,3286.52,Paid,CC-016,Purchase
INV-00200,Gridline Utilities LLC,V-004,IT Services,2024-11-19,2024-11-28,USD,3074.8,245.98,3320.78,Paid,CC-019,Purchase
INV-00191,Northwind Logistics Inc,V-002,Raw Materials,2024-11-20,2024-11-27,USD,5738.86,459.11,6197.97,Paid,CC-006,Purchase
INV-00203,Gamma Supplies Ltd,V-001,MRO,2024-11-23,2024-11-28,USD,5825.23,466.02,6291.25,Paid,CC-004,Purchase
INV-00201,Gridline Utilities LLC,V-004,Raw Materials,2024-11-24,2024-11-28,USD,2674.19,213.94,2888.13,Paid,CC-004,Purchase
INV-00224,Pacific Packaging,V-005,Facilities,2024-12-01,2024-12-13,USD,5854.42,468.35,6322.77,Paid,CC-011,Purchase
INV-00216,Gamma Supplies Ltd,V-001,Facilities,2024-12-01,2024-12-13,USD,7492.15,599.37,8091.52,Paid,CC-003,Purchase
INV-00213,Sterling MRO Co,V-003,Packaging,2024-12-04,2024-12-26,USD,1987.79,159.02,2146.81,Paid,CC-003,Purchase
INV-00214,Pacific Packaging,V-005,Logistics,2024-12-04,2024-12-22,USD,4869.68,389.57,5259.25,Paid,CC-014,Purchase
INV-00215,Gamma Supplies Ltd,V-001,Logistics,2024-12-04,2024-12-28,USD,3681.55,294.52,3976.07,Paid,CC-006,Purchase
INV-00212,Gamma Supplies Ltd,V-001,Packaging,2024-12-05,2024-12-26,USD,3503.75,280.3,3784.05,Paid,CC-015,Purchase
INV-00223,Sterling MRO Co,V-003,IT Services,2024-12-05,2024-12-18,USD,6495.15,519.61,7014.76,Paid,CC-019,Purchase
INV-00221,Harbor Facilities Group,V-007,MRO,2024-12-06,2024-12-22,USD,1986.6,158.93,2145.53,Paid,CC-011,Purchase
INV-00210,Pacific Packaging,V-005,MRO,2024-12-06,2024-12-23,USD,7041.01,563.28,7604.29,Paid,CC-007,Purchase
INV-00228,Capex Solutions Ltd,V-008,Logistics,2024-12-06,2024-12-28,USD,2052.89,164.23,2217.12,Paid,CC-015,Purchase
INV-00218,Pacific Packaging,V-005,Logistics,2024-12-08,2024-12-21,USD,4846.58,387.73,5234.31,Paid,CC-012,Purchase
INV-00217,Pacific Packaging,V-005,Facilities,2024-12-12,2024-12-27,USD,5878.75,470.3,6349.05,Paid,CC-004,Purchase
INV-00220,Gamma Supplies Ltd,V-001,MRO,2024-12-17,2024-12-28,USD,5837.94,467.04,6304.98,Paid,CC-018,Purchase
INV-00222,Gridline Utilities LLC,V-004,IT Services,2024-12-19,2024-12-28,USD,3136.05,250.88,3386.93,Paid,CC-012,Purchase
INV-00226,Gridline Utilities LLC,V-004,Logistics,2024-12-19,2024-12-28,USD,3070.85,245.67,3316.52,Paid,CC-020,Purchase
INV-00211,Harbor Facilities Group,V-007,Raw Materials,2024-12-20,2024-12-28,USD,5762.22,460.98,6223.2,Paid,CC-008,Purchase
INV-00225,Gridline Utilities LLC,V-004,Utilities,2024-12-21,2024-12-28,USD,6134.5,490.76,6625.26,Paid,CC-014,Purchase
INV-00227,Sterling MRO Co,V-003,Logistics,2024-12-25,2024-12-28,USD,2557.58,204.61,2762.19,Paid,CC-020,Purchase
INV-00219,Northwind Logistics Inc,V-002,MRO,2024-12-27,2024-12-28,USD,5436.73,434.94,5871.67,Paid,CC-004,Purchase
INV-00232,Harbor Facilities Group,V-007,Capex,2025-01-03,2025-01-16,USD,3049.51,243.96,3293.47,Paid,CC-015,Purchase
INV-00243,Vertex IT Services,V-006,Utilities,2025-01-07,2025-01-17,USD,6314.56,505.16,6819.72,Paid,CC-003,Purchase
INV-00240,Capex Solutions Ltd,V-008,MRO,2025-01-08,2025-01-28,USD,5489.91,439.19,5929.1,Paid,CC-004,Purchase
INV-00246,Northwind Logistics Inc,V-002,Facilities,2025-01-09,2025-01-22,USD,3467.38,277.39,3744.77,Paid,CC-002,Purchase
INV-00235,Sterling MRO Co,V-003,Capex,2025-01-11,2025-01-24,USD,5780.61,462.45,6243.06,Paid,CC-001,Purchase
INV-00247,Harbor Facilities Group,V-007,IT Services,2025-01-11,2025-01-26,USD,5432.01,434.56,5866.57,Paid,CC-011,Purchase
INV-00229,Vertex IT Services,V-006,Facilities,2025-01-12,2025-01-27,USD,6506.68,520.53,7027.21,Paid,CC-002,Purchase
INV-00239,Vertex IT Services,V-006,Logistics,2025-01-13,2025-01-28,USD,3472.88,277.83,3750.71,Paid,CC-012,Purchase
INV-00241,Gridline Utilities LLC,V-004,Capex,2025-01-13,2025-01-23,USD,6626.31,530.1,7156.41,Paid,CC-003,Purchase
INV-00242,Gamma Supplies Ltd,V-001,MRO,2025-01-14,2025-01-23,USD,6053.35,484.27,6537.62,Paid,CC-014,Purchase
INV-00245,Pacific Packaging,V-005,Facilities,2025-01-16,2025-01-22,USD,5899.69,471.98,6371.67,Paid,CC-009,Purchase
INV-00231,Gridline Utilities LLC,V-004,Raw Materials,2025-01-19,2025-01-28,USD,2733.57,218.69,2952.26,Paid,CC-018,Purchase
INV-00238,Northwind Logistics Inc,V-002,MRO,2025-01-19,2025-01-24,USD,5349.33,427.95,5777.28,Paid,CC-020,Purchase
INV-00230,Vertex IT Services,V-006,Packaging,2025-01-20,2025-01-28,USD,6328.57,506.29,6834.86,Paid,CC-012,Purchase
INV-00237,Sterling MRO Co,V-003,Utilities,2025-01-21,2025-01-28,USD,4478.72,358.3,4837.02,Paid,CC-007,Purchase
INV-00244,Sterling MRO Co,V-003,MRO,2025-01-21,2025-01-28,USD,6933.75,554.7,7488.45,Paid,CC-020,Purchase
INV-00234,Vertex IT Services,V-006,Facilities,2025-01-24,2025-01-28,USD,6511.78,520.94,7032.72,Paid,CC-007,Purchase
INV-00236,Pacific Packaging,V-005,Capex,2025-01-26,2025-01-28,USD,6519.24,521.54,7040.78,Paid,CC-004,Purchase
INV-00233,Gridline Utilities LLC,V-004,Raw Materials,2025-01-27,2025-01-28,USD,2743.65,219.49,2963.14,Paid,CC-017,Purchase
INV-00253,Pacific Packaging,V-005,Logistics,2025-02-02,2025-02-15,USD,4936.58,394.93,5331.51,Paid,CC-004,Purchase
INV-00252,Capex Solutions Ltd,V-008,Packaging,2025-02-03,2025-02-11,USD,6378.45,510.28,6888.73,Paid,CC-017,Purchase
INV-00259,Sterling MRO Co,V-003,Logistics,2025-02-03,2025-02-17,USD,2655.3,212.42,2867.72,Paid,CC-017,Purchase
INV-00256,Northwind Logistics Inc,V-002,MRO,2025-02-05,2025-02-11,USD,5511.25,440.9,5952.15,Paid,CC-018,Purchase
INV-00260,Capex Solutions Ltd,V-008,Logistics,2025-02-05,2025-02-28,USD,2061.58,164.93,2226.51,Paid,CC-005,Purchase
INV-00248,Northwind Logistics Inc,V-002,Raw Materials,2025-02-07,2025-02-14,USD,5514.62,441.17,5955.79,Paid,CC-018,Purchase
INV-00257,Gamma Supplies Ltd,V-001,IT Services,2025-02-08,2025-02-22,USD,4305.41,344.43,4649.84,Paid,CC-010,Purchase
INV-00262,Capex Solutions Ltd,V-008,Raw Materials,2025-02-09,2025-02-15,USD,3620.26,289.62,3909.88,Paid,CC-010,Purchase
INV-00266,Gamma Supplies Ltd,V-001,Facilities,2025-02-10,2025-02-28,USD,7570.42,605.63,8176.05,Paid,CC-013,Purchase
INV-00250,Sterling MRO Co,V-003,IT Services,2025-02-11,2025-02-16,USD,6424.31,513.94,6938.25,Paid,CC-016,Purchase
INV-00261,Northwind Logistics Inc,V-002,MRO,2025-02-11,2025-02-18,USD,5265.9,421.27,5687.17,Paid,CC-004,Purchase
INV-00251,Gamma Supplies Ltd,V-001,Logistics,2025-02-12,2025-02-19,USD,3761.46,300.92,4062.38,Paid,CC-005,Purchase
INV-00258,Pacific Packaging,V-005,Utilities,2025-02-15,2025-02-27,USD,5151.31,412.1,5563.41,Paid,CC-003,Purchase
INV-00263,Capex Solutions Ltd,V-008,Utilities,2025-02-18,2025-02-26,USD,6246.73,499.74,6746.47,Paid,CC-017,Purchase
INV-00265,Harbor Facilities Group,V-007,Logistics,2025-02-19,2025-02-28,USD,2593.99,207.52,2801.51,Paid,CC-012,Purchase
INV-00249,Sterling MRO Co,V-003,Capex,2025-02-20,2025-02-28,USD,5824.98,466.0,6290.98,Paid,CC-017,Purchase
INV-00254,Northwind Logistics Inc,V-002,Facilities,2025-02-20,2025-02-28,USD,3518.98,281.52,3800.5,Paid,CC-018,Purchase
INV-00255,Vertex IT Services,V-006,MRO,2025-02-20,2025-02-28,USD,3969.06,317.52,4286.58,Paid,CC-007,Purchase
INV-00264,Capex Solutions Ltd,V-008,Logistics,2025-02-23,2025-02-28,USD,2080.83,166.47,2247.3,Paid,CC-010,Purchase
INV-00282,Vertex IT Services,V-006,MRO,2025-03-01,2025-03-22,USD,3928.58,314.29,4242.87,Paid,CC-004,Purchase
INV-00281,Harbor Facilities Group,V-007,Raw Materials,2025-03-04,2025-03-22,USD,5950.36,476.03,6426.39,Paid,CC-015,Purchase
INV-00270,Gridline Utilities LLC,V-004,IT Services,2025-03-04,2025-03-24,USD,3047.13,243.77,3290.9,Paid,CC-013,Purchase
INV-00279,Vertex IT Services,V-006,Facilities,2025-03-06,2025-03-23,USD,6519.85,521.59,7041.44,Paid,CC-009,Purchase
INV-00284,Northwind Logistics Inc,V-002,IT Services,2025-03-08,2025-03-18,USD,6584.44,526.76,7111.2,Paid,CC-006,Purchase
INV-00457,Capex Solutions Ltd,V-008,Packaging,2025-03-10,2025-03-20,USD,6557.88,524.63,7082.51,Paid,CC-004,Purchase
INV-00268,Capex Solutions Ltd,V-008,Capex,2025-03-12,2025-03-28,USD,6488.23,519.06,7007.29,Paid,CC-001,Purchase
INV-00280,Sterling MRO Co,V-003,Packaging,2025-03-12,2025-03-22,USD,2000.11,160.01,2160.12,Paid,CC-003,Purchase
INV-00272,Vertex IT Services,V-006,Packaging,2025-03-13,2025-03-28,USD,6290.19,503.22,6793.41,Paid,CC-012,Purchase
INV-00273,Gamma Supplies Ltd,V-001,Utilities,2025-03-15,2025-03-26,USD,6832.7,546.62,7379.32,Paid,CC-012,Purchase
INV-00276,Capex Solutions Ltd,V-008,Utilities,2025-03-15,2025-03-23,USD,6286.68,502.93,6789.61,Paid,CC-007,Purchase
INV-00278,Gridline Utilities LLC,V-004,Facilities,2025-03-16,2025-03-28,USD,3167.89,253.43,3421.32,Paid,CC-011,Purchase
INV-00271,Gridline Utilities LLC,V-004,Utilities,2025-03-18,2025-03-28,USD,6393.66,511.49,6905.15,Paid,CC-009,Purchase
INV-00274,Northwind Logistics Inc,V-002,Raw Materials,2025-03-19,2025-03-28,USD,5706.95,456.56,6163.51,Paid,CC-001,Purchase
INV-00277,Sterling MRO Co,V-003,Facilities,2025-03-20,2025-03-28,USD,4623.12,369.85,4992.97,Paid,CC-008,Purchase
INV-00275,Capex Solutions Ltd,V-008,Utilities,2025-03-21,2025-03-28,USD,6359.18,508.73,6867.91,Paid,CC-006,Purchase
INV-00285,Sterling MRO Co,V-003,Packaging,2025-03-21,2025-03-28,USD,2047.29,163.78,2211.07,Paid,CC-020,Purchase
INV-00267,Gamma Supplies Ltd,V-001,IT Services,2025-03-23,2025-03-28,USD,4364.76,349.18,4713.94,Paid,CC-005,Purchase
INV-00269,Pacific Packaging,V-005,Facilities,2025-03-24,2025-03-28,USD,5705.83,456.47,6162.3,Paid,CC-008,Purchase
INV-00283,Northwind Logistics Inc,V-002,IT Services,2025-03-25,2025-03-28,USD,6620.66,529.65,7150.31,Paid,CC-004,Purchase
INV-00293,Sterling MRO Co,V-003,IT Services,2025-04-01,2025-04-20,USD,6493.49,519.48,7012.97,Paid,CC-020,Purchase
INV-00287,Vertex IT Services,V-006,MRO,2025-04-02,2025-04-13,USD,3987.81,319.02,4306.83,Paid,CC-015,Purchase
INV-00302,Gamma Supplies Ltd,V-001,Facilities,2025-04-04,2025-04-13,USD,7569.04,605.52,8174.56,Paid,CC-006,Purchase
INV-00299,Northwind Logistics Inc,V-002,Logistics,2025-04-04,2025-04-16,USD,6094.32,487.55,6581.87,Paid,CC-010,Purchase
INV-00304,Harbor Facilities Group,V-007,Capex,2025-04-05,2025-04-20,USD,3083.42,246.67,3330.09,Paid,CC-012,Purchase
INV-00300,Capex Solutions Ltd,V-008,MRO,2025-04-06,2025-04-11,USD,5476.5,438.12,5914.62,Paid,CC-009,Purchase
INV-00292,Sterling MRO Co,V-003,IT Services,2025-04-07,2025-04-28,USD,6472.71,517.82,6990.53,Paid,CC-019,Purchase
INV-00301,Gridline Utilities LLC,V-004,Capex,2025-04-08,2025-04-28,USD,6780.45,542.44,7322.89,Paid,CC-013,Purchase
INV-00298,Gamma Supplies Ltd,V-001,MRO,2025-04-10,2025-04-17,USD,6005.47,480.44,6485.91,Paid,CC-017,Purchase
INV-00288,Capex Solutions Ltd,V-008,Capex,2025-04-11,2025-04-26,USD,6503.18,520.25,7023.43,Paid,CC-001,Purchase
INV-00291,Harbor Facilities Group,V-007,Capex,2025-04-12,2025-04-28,USD,3093.69,247.5,3341.19,Paid,CC-017,Purchase
INV-00303,Gridline Utilities LLC,V-004,Facilities,2025-04-13,2025-04-20,USD,3159.06,252.72,3411.78,Paid,CC-015,Purchase
INV-00296,Sterling MRO Co,V-003,Utilities,2025-04-16,2025-04-26,USD,4482.29,358.58,4840.87,Paid,CC-005,Purchase
INV-00297,Vertex IT Services,V-006,IT Services,2025-04-16,2025-04-24,USD,2646.81,211.74,2858.55,Paid,CC-008,Purchase
INV-00295,Vertex IT Services,V-006,Logistics,2025-04-18,2025-04-28,USD,3569.61,285.57,3855.18,Paid,CC-007,Purchase
INV-00286,Pacific Packaging,V-005,Capex,2025-04-19,2025-04-28,USD,6677.68,534.21,7211.89,Paid,CC-013,Purchase
INV-00294,Harbor Facilities Group,V-007,Logistics,2025-04-21,2025-04-28,USD,2538.09,203.05,2741.14,Paid,CC-010,Purchase
INV-00289,Pacific Packaging,V-005,Utilities,2025-04-26,2025-04-28,USD,5265.15,421.21,5686.36,Paid,CC-008,Purchase
INV-00290,Gridline Utilities LLC,V-004,Logistics,2025-04-26,2025-04-28,USD,3180.97,254.48,3435.45,Paid,CC-007,Purchase
INV-00315,Vertex IT Services,V-006,IT Services,2025-05-01,2025-05-08,USD,2556.78,204.54,2761.32,Paid,CC-002,Purchase
INV-00321,Sterling MRO Co,V-003,Logistics,2025-05-02,2025-05-23,USD,2554.44,204.36,2758.8,Paid,CC-002,Purchase
INV-00312,Capex Solutions Ltd,V-008,Facilities,2025-05-03,2025-05-14,USD,3188.08,255.05,3443.13,Paid,CC-011,Purchase
INV-00323,Northwind Logistics Inc,V-002,Utilities,2025-05-05,2025-05-27,USD,6194.23,495.54,6689.77,Paid,CC-020,Purchase
INV-00313,Sterling MRO Co,V-003,Raw Materials,2025-05-07,2025-05-12,USD,6864.27,549.14,7413.41,Paid,CC-002,Purchase
INV-00311,Northwind Logistics Inc,V-002,Utilities,2025-05-08,2025-05-15,USD,6349.96,508.0,6857.96,Paid,CC-012,Purchase
INV-00307,Vertex IT Services,V-006,Packaging,2025-05-09,2025-05-20,USD,6389.01,511.12,6900.13,Paid,CC-006,Purchase
INV-00308,Gridline Utilities LLC,V-004,Logistics,2025-05-12,2025-05-24,USD,3055.54,244.44,3299.98,Paid,CC-014,Purchase
INV-00310,Harbor Facilities Group,V-007,Facilities,2025-05-12,2025-05-28,USD,3678.01,294.24,3972.25,Paid,CC-017,Purchase
INV-00319,Vertex IT Services,V-006,Utilities,2025-05-12,2025-05-21,USD,6397.38,511.79,6909.17,Paid,CC-013,Purchase
INV-00317,Gamma Supplies Ltd,V-001,MRO,2025-05-15,2025-05-28,USD,5886.23,470.9,6357.13,Paid,CC-012,Purchase
INV-00309,Harbor Facilities Group,V-007,MRO,2025-05-19,2025-05-28,USD,2004.06,160.32,2164.38,Paid,CC-019,Purchase
INV-00318,Sterling MRO Co,V-003,MRO,2025-05-21,2025-05-28,USD,6798.67,543.89,7342.56,Paid,CC-016,Purchase
INV-00320,Northwind Logistics Inc,V-002,Packaging,2025-05-21,2025-05-28,USD,2271.39,181.71,2453.1,Paid,CC-002,Purchase
INV-00314,Gridline Utilities LLC,V-004,IT Services,2025-05-21,2025-05-28,USD,3028.92,242.31,3271.23,Paid,CC-014,Purchase
INV-00305,Northwind Logistics Inc,V-002,Capex,2025-05-22,2025-05-28,USD,5555.36,444.43,5999.79,Paid,CC-001,Purchase
INV-00316,Harbor Facilities Group,V-007,MRO,2025-05-23,2025-05-28,USD,1979.51,158.36,2137.87,Paid,CC-017,Purchase
INV-00322,Gridline Utilities LLC,V-004,Packaging,2025-05-27,2025-05-28,USD,2306.81,184.54,2491.35,Paid,CC-014,Purchase
INV-00306,Capex Solutions Ltd,V-008,Raw Materials,2025-05-27,2025-05-28,USD,3603.76,288.3,3892.06,Paid,CC-002,Purchase
INV-00335,Gridline Utilities LLC,V-004,Logistics,2025-06-01,2025-06-10,USD,3153.71,252.3,3406.01,Paid,CC-018,Purchase
INV-00334,Capex Solutions Ltd,V-008,Utilities,2025-06-02,2025-06-16,USD,6147.97,491.84,6639.81,Paid,CC-012,Purchase
INV-00338,Sterling MRO Co,V-003,Logistics,2025-06-02,2025-06-13,USD,2578.07,206.25,2784.32,Paid,CC-006,Purchase
INV-00340,Capex Solutions Ltd,V-008,Packaging,2025-06-03,2025-06-09,USD,6327.74,506.22,6833.96,Paid,CC-003,Purchase
INV-00329,Gamma Supplies Ltd,V-001,IT Services,2025-06-05,2025-06-17,USD,4314.77,345.18,4659.95,Paid,CC-016,Purchase
INV-00337,Gamma Supplies Ltd,V-001,Logistics,2025-06-05,2025-06-16,USD,3746.5,299.72,4046.22,Paid,CC-007,Purchase
INV-00336,Gamma Supplies Ltd,V-001,Utilities,2025-06-06,2025-06-21,USD,6656.51,532.52,7189.03,Paid,CC-004,Purchase
INV-00341,Gridline Utilities LLC,V-004,Capex,2025-06-06,2025-06-28,USD,6511.35,520.91,7032.26,Paid,CC-020,Purchase
INV-00325,Gridline Utilities LLC,V-004,Packaging,2025-06-07,2025-06-26,USD,2324.65,185.97,2510.62,Paid,CC-001,Purchase
INV-00328,Gridline Utilities LLC,V-004,Capex,2025-06-08,2025-06-18,USD,6609.8,528.78,7138.58,Paid,CC-016,Purchase
INV-00331,Vertex IT Services,V-006,Packaging,2025-06-10,2025-06-15,USD,6104.89,488.39,6593.28,Paid,CC-001,Purchase
INV-00330,Sterling MRO Co,V-003,Logistics,2025-06-15,2025-06-28,USD,2572.54,205.8,2778.34,Paid,CC-012,Purchase
INV-00326,Pacific Packaging,V-005,Packaging,2025-06-15,2025-06-27,USD,2967.64,237.41,3205.05,Paid,CC-015,Purchase
INV-00339,Capex Solutions Ltd,V-008,Capex,2025-06-22,2025-06-28,USD,6348.52,507.88,6856.4,Paid,CC-001,Purchase
INV-00333,Harbor Facilities Group,V-007,Facilities,2025-06-23,2025-06-28,USD,3627.35,290.19,3917.54,Paid,CC-017,Purchase
INV-00342,Harbor Facilities Group,V-007,Raw Materials,2025-06-23,2025-06-28,USD,5908.63,472.69,6381.32,Paid,CC-020,Purchase
INV-00324,Capex Solutions Ltd,V-008,Facilities,2025-06-24,2025-06-28,USD,3194.37,255.55,3449.92,Paid,CC-005,Purchase
INV-00332,Northwind Logistics Inc,V-002,Capex,2025-06-25,2025-06-28,USD,5544.39,443.55,5987.94,Paid,CC-004,Purchase
INV-00327,Gridline Utilities LLC,V-004,Raw Materials,2025-06-26,2025-06-28,USD,2619.09,209.53,2828.62,Paid,CC-008,Purchase
INV-00358,Pacific Packaging,V-005,Facilities,2025-07-01,2025-07-24,USD,5635.92,450.87,6086.79,Paid,CC-014,Purchase
INV-00343,Gridline Utilities LLC,V-004,Raw Materials,2025-07-02,2025-07-13,USD,2666.22,213.3,2879.52,Paid,CC-010,Purchase
INV-00357,Vertex IT Services,V-006,Facilities,2025-07-03,2025-07-26,USD,6511.07,520.89,7031.96,Paid,CC-019,Purchase
INV-00347,Gridline Utilities LLC,V-004,Logistics,2025-07-06,2025-07-14,USD,3097.69,247.82,3345.51,Paid,CC-020,Purchase
INV-00353,Gamma Supplies Ltd,V-001,Utilities,2025-07-09,2025-07-17,USD,6546.89,523.75,7070.64,Paid,CC-011,Purchase
INV-00359,Capex Solutions Ltd,V-008,Capex,2025-07-10,2025-07-28,USD,6290.9,503.27,6794.17,Paid,CC-004,Purchase
INV-00351,Sterling MRO Co,V-003,Utilities,2025-07-11,2025-07-25,USD,4517.85,361.43,4879.28,Paid,CC-006,Purchase
INV-00346,Capex Solutions Ltd,V-008,Facilities,2025-07-11,2025-07-28,USD,3227.66,258.21,3485.87,Paid,CC-012,Purchase
INV-00354,Vertex IT Services,V-006,Facilities,2025-07-11,2025-07-28,USD,6452.83,516.23,6969.06,Paid,CC-012,Purchase
INV-00360,Harbor Facilities Group,V-007,Logistics,2025-07-14,2025-07-28,USD,2536.2,202.9,2739.1,Paid,CC-001,Purchase
INV-00352,Vertex IT Services,V-006,MRO,2025-07-15,2025-07-28,USD,3927.42,314.19,4241.61,Paid,CC-007,Purchase
INV-00345,Harbor Facilities Group,V-007,Facilities,2025-07-15,2025-07-28,USD,3632.56,290.6,3923.16,Paid,CC-006,Purchase
INV-00355,Harbor Facilities Group,V-007,IT Services,2025-07-15,2025-07-28,USD,5334.99,426.8,5761.79,Paid,CC-020,Purchase
INV-00344,Capex Solutions Ltd,V-008,Raw Materials,2025-07-16,2025-07-28,USD,3655.92,292.47,3948.39,Paid,CC-004,Purchase
INV-00356,Capex Solutions Ltd,V-008,Logistics,2025-07-17,2025-07-28,USD,2073.36,165.87,2239.23,Paid,CC-002,Purchase
INV-00349,Vertex IT Services,V-006,Utilities,2025-07-22,2025-07-28,USD,6417.87,513.43,6931.3,Paid,CC-008,Purchase
INV-00361,Pacific Packaging,V-005,IT Services,2025-07-24,2025-07-28,USD,3413.35,273.07,3686.42,Paid,CC-020,Purchase
INV-00348,Gamma Supplies Ltd,V-001,IT Services,2025-07-24,2025-07-28,USD,4320.82,345.67,4666.49,Paid,CC-008,Purchase
INV-00350,Capex Solutions Ltd,V-008,IT Services,2025-07-26,2025-07-28,USD,6911.27,552.9,7464.17,Paid,CC-007,Purchase
INV-00370,Harbor Facilities Group,V-007,Raw Materials,2025-08-01,2025-08-16,USD,5906.97,472.56,6379.53,Paid,CC-010,Purchase
INV-00363,Gridline Utilities LLC,V-004,IT Services,2025-08-06,2025-08-21,USD,3100.51,248.04,3348.55,Paid,CC-005,Purchase
INV-00374,Northwind Logistics Inc,V-002,Utilities,2025-08-10,2025-08-25,USD,6102.03,488.16,6590.19,Paid,CC-019,Purchase
INV-00377,Sterling MRO Co,V-003,Utilities,2025-08-10,2025-08-15,USD,4487.04,358.96,4846.0,Paid,CC-005,Purchase
INV-00368,Sterling MRO Co,V-003,Logistics,2025-08-12,2025-08-28,USD,2547.05,203.76,2750.81,Paid,CC-016,Purchase
INV-00375,Northwind Logistics Inc,V-002,Utilities,2025-08-12,2025-08-28,USD,6323.78,505.9,6829.68,Paid,CC-005,Purchase
INV-00373,Capex Solutions Ltd,V-008,Capex,2025-08-13,2025-08-20,USD,6351.4,508.11,6859.51,Paid,CC-012,Purchase
INV-00379,Northwind Logistics Inc,V-002,Packaging,2025-08-15,2025-08-28,USD,2292.56,183.4,2475.96,Paid,CC-008,Purchase
INV-00365,Capex Solutions Ltd,V-008,Capex,2025-08-16,2025-08-28,USD,6565.27,525.22,7090.49,Paid,CC-003,Purchase
INV-00362,Sterling MRO Co,V-003,IT Services,2025-08-16,2025-08-28,USD,6269.03,501.52,6770.55,Paid,CC-004,Purchase
INV-00372,Gridline Utilities LLC,V-004,IT Services,2025-08-17,2025-08-28,USD,3029.73,242.38,3272.11,Paid,CC-010,Purchase
INV-00371,Gridline Utilities LLC,V-004,Packaging,2025-08-17,2025-08-28,USD,2309.89,184.79,2494.68,Paid,CC-003,Purchase
INV-00376,Gamma Supplies Ltd,V-001,Capex,2025-08-18,2025-08-28,USD,6252.49,500.2,6752.69,Paid,CC-013,Purchase
INV-00369,Northwind Logistics Inc,V-002,IT Services,2025-08-20,2025-08-28,USD,6633.31,530.66,7163.97,Paid,CC-015,Purchase
INV-00366,Gamma Supplies Ltd,V-001,Utilities,2025-08-22,2025-08-28,USD,6676.23,534.1,7210.33,Paid,CC-012,Purchase
INV-00367,Vertex IT Services,V-006,Facilities,2025-08-25,2025-08-28,USD,6581.36,526.51,7107.87,Paid,CC-019,Purchase
INV-00380,Gamma Supplies Ltd,V-001,MRO,2025-08-26,2025-08-28,USD,6017.3,481.38,6498.68,Paid,CC-003,Purchase
INV-00364,Capex Solutions Ltd,V-008,Raw Materials,2025-08-27,2025-08-28,USD,3664.83,293.19,3958.02,Paid,CC-004,Purchase
INV-00378,Pacific Packaging,V-005,MRO,2025-08-27,2025-08-28,USD,7233.59,578.69,7812.28,Paid,CC-001,Purchase
INV-00392,Pacific Packaging,V-005,Raw Materials,2025-09-01,2025-09-23,USD,1838.1,147.05,1985.15,Paid,CC-005,Purchase
INV-00385,Northwind Logistics Inc,V-002,Raw Materials,2025-09-04,2025-09-23,USD,5712.92,457.03,6169.95,Paid,CC-011,Purchase
INV-00383,Harbor Facilities Group,V-007,Utilities,2025-09-05,2025-09-28,USD,3828.06,306.24,4134.3,Paid,CC-006,Purchase
INV-00395,Sterling MRO Co,V-003,Logistics,2025-09-05,2025-09-13,USD,2539.9,203.19,2743.09,Paid,CC-003,Purchase
INV-00391,Pacific Packaging,V-005,IT Services,2025-09-06,2025-09-28,USD,3433.2,274.66,3707.86,Paid,CC-017,Purchase
INV-00384,Sterling MRO Co,V-003,IT Services,2025-09-06,2025-09-14,USD,6274.01,501.92,6775.93,Paid,CC-020,Purchase
INV-00387,Vertex IT Services,V-006,Logistics,2025-09-09,2025-09-24,USD,3596.37,287.71,3884.08,Paid,CC-008,Purchase
INV-00393,Sterling MRO Co,V-003,Facilities,2025-09-11,2025-09-26,USD,4588.76,367.1,4955.86,Paid,CC-014,Purchase
INV-00390,Sterling MRO Co,V-003,Logistics,2025-09-11,2025-09-28,USD,2543.33,203.47,2746.8,Paid,CC-002,Purchase
INV-00399,Gridline Utilities LLC,V-004,Logistics,2025-09-17,2025-09-28,USD,3115.93,249.27,3365.2,Paid,CC-017,Purchase
INV-00397,Harbor Facilities Group,V-007,Logistics,2025-09-24,2025-09-28,USD,2578.74,206.3,2785.04,Paid,CC-014,Purchase
INV-00389,Harbor Facilities Group,V-007,Utilities,2025-09-24,2025-09-28,USD,3905.02,312.4,4217.42,Paid,CC-006,Purchase
INV-00396,Pacific Packaging,V-005,MRO,2025-09-25,2025-09-28,USD,7084.57,566.77,7651.34,Paid,CC-013,Purchase
INV-00382,Pacific Packaging,V-005,Raw Materials,2025-09-25,2025-09-28,USD,1876.43,150.11,2026.54,Paid,CC-008,Purchase
INV-00388,Pacific Packaging,V-005,Facilities,2025-09-25,2025-09-28,USD,5905.12,472.41,6377.53,Paid,CC-015,Purchase
INV-00381,Sterling MRO Co,V-003,Raw Materials,2025-09-26,2025-09-28,USD,7138.77,571.1,7709.87,Paid,CC-015,Purchase
INV-00398,Harbor Facilities Group,V-007,Capex,2025-09-26,2025-09-28,USD,3071.72,245.74,3317.46,Paid,CC-002,Purchase
INV-00386,Harbor Facilities Group,V-007,Logistics,2025-09-27,2025-09-28,USD,2584.02,206.72,2790.74,Paid,CC-019,Purchase
INV-00394,Capex Solutions Ltd,V-008,IT Services,2025-09-27,2025-09-28,USD,6857.37,548.59,7405.96,Paid,CC-001,Purchase
INV-00406,Gridline Utilities LLC,V-004,Facilities,2025-10-02,2025-10-11,USD,3148.02,251.84,3399.86,Paid,CC-005,Purchase
INV-00416,Sterling MRO Co,V-003,Capex,2025-10-03,2025-10-24,USD,5888.58,471.09,6359.67,Paid,CC-004,Purchase
INV-00401,Pacific Packaging,V-005,MRO,2025-10-05,2025-10-23,USD,7125.57,570.05,7695.62,Paid,CC-004,Purchase
INV-00402,Gridline Utilities LLC,V-004,IT Services,2025-10-07,2025-10-28,USD,3135.45,250.84,3386.29,Paid,CC-004,Purchase
INV-00415,Sterling MRO Co,V-003,Packaging,2025-10-07,2025-10-28,USD,2030.93,162.47,2193.4,Paid,CC-015,Purchase
INV-00417,Sterling MRO Co,V-003,Logistics,2025-10-09,2025-10-24,USD,2569.5,205.56,2775.06,Paid,CC-004,Purchase
INV-00412,Capex Solutions Ltd,V-008,Packaging,2025-10-11,2025-10-28,USD,6430.26,514.42,6944.68,Paid,CC-017,Purchase
INV-00405,Sterling MRO Co,V-003,Facilities,2025-10-14,2025-10-28,USD,4651.03,372.08,5023.11,Paid,CC-019,Purchase
INV-00413,Sterling MRO Co,V-003,Capex,2025-10-14,2025-10-28,USD,5825.4,466.03,6291.43,Paid,CC-011,Purchase
INV-00404,Gridline Utilities LLC,V-004,Capex,2025-10-15,2025-10-28,USD,6639.51,531.16,7170.67,Paid,CC-009,Purchase
INV-00407,Vertex IT Services,V-006,Packaging,2025-10-17,2025-10-28,USD,6100.13,488.01,6588.14,Paid,CC-001,Purchase
INV-00410,Gridline Utilities LLC,V-004,Utilities,2025-10-18,2025-10-28,USD,6373.12,509.85,6882.97,Paid,CC-013,Purchase
INV-00400,Gridline Utilities LLC,V-004,MRO,2025-10-21,2025-10-28,USD,7339.13,587.13,7926.26,Paid,CC-004,Purchase
INV-00409,Harbor Facilities Group,V-007,IT Services,2025-10-21,2025-10-28,USD,5440.5,435.24,5875.74,Paid,CC-019,Purchase
INV-00414,Northwind Logistics Inc,V-002,Capex,2025-10-21,2025-10-28,USD,5402.62,432.21,5834.83,Paid,CC-004,Purchase
INV-00418,Capex Solutions Ltd,V-008,Packaging,2025-10-21,2025-10-28,USD,6521.62,521.73,7043.35,Paid,CC-004,Purchase
INV-00411,Sterling MRO Co,V-003,MRO,2025-10-22,2025-10-28,USD,6852.49,548.2,7400.69,Paid,CC-019,Purchase
INV-00403,Vertex IT Services,V-006,Facilities,2025-10-23,2025-10-28,USD,6444.11,515.53,6959.64,Paid,CC-012,Purchase
INV-00408,Gridline Utilities LLC,V-004,Utilities,2025-10-25,2025-10-28,USD,6253.94,500.32,6754.26,Paid,CC-002,Purchase
INV-00427,Capex Solutions Ltd,V-008,Logistics,2025-11-02,2025-11-25,USD,2083.04,166.64,2249.68,Paid,CC-008,Purchase
INV-00433,Vertex IT Services,V-006,Logistics,2025-11-02,2025-11-23,USD,3595.87,287.67,3883.54,Paid,CC-016,Purchase
INV-00425,Capex Solutions Ltd,V-008,IT Services,2025-11-05,2025-11-15,USD,6884.29,550.74,7435.03,Paid,CC-008,Purchase
INV-00420,Sterling MRO Co,V-003,Logistics,2025-11-09,2025-11-28,USD,2548.2,203.86,2752.06,Paid,CC-012,Purchase
INV-00436,Capex Solutions Ltd,V-008,Utilities,2025-11-10,2025-11-27,USD,6254.56,500.36,6754.92,Paid,CC-006,Purchase
INV-00423,Gridline Utilities LLC,V-004,IT Services,2025-11-10,2025-11-22,USD,3060.84,244.87,3305.71,Paid,CC-004,Purchase
INV-00421,Harbor Facilities Group,V-007,Packaging,2025-11-12,2025-11-26,USD,6705.14,536.41,7241.55,Paid,CC-005,Purchase
INV-00426,Northwind Logistics Inc,V-002,Raw Materials,2025-11-12,2025-11-28,USD,5554.63,444.37,5999.0,Paid,CC-008,Purchase
INV-00424,Northwind Logistics Inc,V-002,Logistics,2025-11-13,2025-11-28,USD,6180.18,494.41,6674.59,Paid,CC-005,Purchase
INV-00430,Harbor Facilities Group,V-007,MRO,2025-11-13,2025-11-28,USD,1934.29,154.74,2089.03,Paid,CC-001,Purchase
INV-00431,Pacific Packaging,V-005,Utilities,2025-11-14,2025-11-27,USD,5166.75,413.34,5580.09,Paid,CC-010,Purchase
INV-00432,Pacific Packaging,V-005,IT Services,2025-11-15,2025-11-28,USD,3500.43,280.03,3780.46,Paid,CC-003,Purchase
INV-00428,Gridline Utilities LLC,V-004,Packaging,2025-11-18,2025-11-28,USD,2392.56,191.4,2583.96,Paid,CC-020,Purchase
INV-00437,Northwind Logistics Inc,V-002,Logistics,2025-11-21,2025-11-27,USD,6119.01,489.52,6608.53,Paid,CC-013,Purchase
INV-00422,Harbor Facilities Group,V-007,Capex,2025-11-21,2025-11-28,USD,3144.02,251.52,3395.54,Paid,CC-009,Purchase
INV-00419,Harbor Facilities Group,V-007,MRO,2025-11-22,2025-11-28,USD,1973.53,157.88,2131.41,Paid,CC-008,Purchase
INV-00435,Northwind Logistics Inc,V-002,Utilities,2025-11-23,2025-11-28,USD,6155.36,492.43,6647.79,Paid,CC-013,Purchase
INV-00429,Gridline Utilities LLC,V-004,Capex,2025-11-23,2025-11-28,USD,6766.14,541.29,7307.43,Paid,CC-011,Purchase
INV-00434,Capex Solutions Ltd,V-008,Packaging,2025-11-24,2025-11-28,USD,6580.27,526.42,7106.69,Paid,CC-007,Purchase
INV-00455,Gamma Supplies Ltd,V-001,MRO,2025-12-01,2025-12-24,USD,5809.47,464.76,6274.23,Paid,CC-011,Purchase
INV-00451,Gamma Supplies Ltd,V-001,Logistics,2025-12-03,2025-12-23,USD,3722.5,297.8,4020.3,Paid,CC-020,Purchase
INV-00447,Northwind Logistics Inc,V-002,Utilities,2025-12-05,2025-12-17,USD,6304.51,504.36,6808.87,Paid,CC-005,Purchase
INV-00448,Northwind Logistics Inc,V-002,Logistics,2025-12-06,2025-12-19,USD,6185.77,494.86,6680.63,Paid,CC-010,Purchase
INV-00453,Gridline Utilities LLC,V-004,Utilities,2025-12-06,2025-12-26,USD,6195.67,495.65,6691.32,Paid,CC-005,Purchase
INV-00456,Gridline Utilities LLC,V-004,Facilities,2025-12-07,2025-12-24,USD,3187.77,255.02,3442.79,Paid,CC-008,Purchase
INV-00439,Vertex IT Services,V-006,Logistics,2025-12-07,2025-12-28,USD,3486.45,278.92,3765.37,Paid,CC-020,Purchase
INV-00442,Capex Solutions Ltd,V-008,Capex,2025-12-08,2025-12-28,USD,6420.87,513.67,6934.54,Paid,CC-009,Purchase
INV-00438,Capex Solutions Ltd,V-008,IT Services,2025-12-11,2025-12-16,USD,7065.06,565.2,7630.26,Paid,CC-014,Purchase
INV-00450,Capex Solutions Ltd,V-008,Logistics,2025-12-12,2025-12-21,USD,2046.06,163.68,2209.74,Paid,CC-019,Purchase
INV-00452,Gamma Supplies Ltd,V-001,Utilities,2025-12-13,2025-12-21,USD,6582.28,526.58,7108.86,Paid,CC-004,Purchase
INV-00446,Northwind Logistics Inc,V-002,Facilities,2025-12-15,2025-12-28,USD,3511.82,280.95,3792.77,Paid,CC-002,Purchase
INV-00443,Vertex IT Services,V-006,MRO,2025-12-17,2025-12-28,USD,4017.59,321.41,4339.0,Paid,CC-012,Purchase
INV-00449,Vertex IT Services,V-006,IT Services,2025-12-20,2025-12-28,USD,2618.43,209.47,2827.9,Paid,CC-003,Purchase
INV-00454,Capex Solutions Ltd,V-008,Capex,2025-12-22,2025-12-28,USD,6368.06,509.44,6877.5,Paid,CC-006,Purchase
INV-00444,Gridline Utilities LLC,V-004,Packaging,2025-12-23,2025-12-28,USD,2315.72,185.26,2500.98,Paid,CC-001,Purchase
INV-00445,Pacific Packaging,V-005,Capex,2025-12-24,2025-12-28,USD,6691.11,535.29,7226.4,Paid,CC-005,Purchase
INV-00440,Sterling MRO Co,V-003,Facilities,2025-12-25,2025-12-28,USD,4570.46,365.64,4936.1,Paid,CC-014,Purchase
INV-00441,Capex Solutions Ltd,V-008,IT Services,2025-12-26,2025-12-28,USD,6856.98,548.56,7405.54,Paid,CC-007,Purchase
